-0.416938,1.095543,0.800000,0.000000,0.000000,-0.736254,0.676706,-0.099653,-0.001155,0.001218,0.298838,-0.188274,-0.000065,-0.099695,0.004762,0.001234,0.299303,-0.189786,-0.000139,-0.000505,0.000000,0.000000,0.205678,0.196357,0.004988,0.890153,0.000000,0.000000,0.000000,0.207732,-0.197023,-0.002390,0.888173,0.000000,0.000000,0.000000
-0.416938,1.095543,0.799728,-0.000580,0.000099,-0.736257,0.676702,-0.099306,-0.002310,0.002437,0.297676,-0.176548,-0.000131,-0.099390,0.009523,0.002467,0.298605,-0.179572,-0.000278,-0.001010,0.000000,0.000000,0.211357,0.192715,0.009976,0.880305,0.000000,0.000000,0.000000,0.215464,-0.194045,-0.004780,0.876347,0.000000,0.000000,0.000000
-0.416938,1.095543,0.799455,-0.001160,0.000198,-0.736260,0.676698,-0.098959,-0.003465,0.003655,0.296514,-0.164822,-0.000196,-0.099085,0.014285,0.003701,0.297908,-0.169358,-0.000417,-0.001515,0.000000,0.000000,0.217035,0.189072,0.014964,0.870458,0.000000,0.000000,0.000000,0.223197,-0.191068,-0.007171,0.864520,0.000000,0.000000,0.000000
-0.416938,1.095543,0.799183,-0.001740,0.000296,-0.736262,0.676694,-0.098612,-0.004620,0.004873,0.295352,-0.153096,-0.000262,-0.098780,0.019046,0.004934,0.297210,-0.159144,-0.000556,-0.002020,0.000000,0.000000,0.222713,0.185429,0.019952,0.860610,0.000000,0.000000,0.000000,0.230929,-0.188090,-0.009561,0.852693,0.000000,0.000000,0.000000
-0.416938,1.095543,0.798910,-0.002320,0.000395,-0.736265,0.676690,-0.098265,-0.005775,0.006092,0.294190,-0.141369,-0.000327,-0.098475,0.023808,0.006168,0.296513,-0.148930,-0.000695,-0.002524,0.000000,0.000000,0.228392,0.181787,0.024940,0.850763,0.000000,0.000000,0.000000,0.238661,-0.185113,-0.011951,0.840866,0.000000,0.000000,0.000000
-0.416938,1.095543,0.798638,-0.002900,0.000494,-0.736267,0.676685,-0.097918,-0.006930,0.007310,0.293028,-0.129643,-0.000393,-0.098170,0.028569,0.007401,0.295815,-0.138716,-0.000834,-0.003029,0.000000,0.000000,0.234070,0.178144,0.029928,0.840916,0.000000,0.000000,0.000000,0.246393,-0.182136,-0.014341,0.829040,0.000000,0.000000,0.000000
-0.416938,1.095543,0.798366,-0.003479,0.000593,-0.736269,0.676680,-0.097571,-0.008085,0.008528,0.291866,-0.117917,-0.000458,-0.097865,0.033331,0.008635,0.295118,-0.128502,-0.000973,-0.003534,0.000000,0.000000,0.239748,0.174501,0.034916,0.831068,0.000000,0.000000,0.000000,0.254125,-0.179158,-0.016732,0.817213,0.000000,0.000000,0.000000
-0.416938,1.095543,0.798093,-0.004059,0.000692,-0.736270,0.676675,-0.097224,-0.009240,0.009747,0.290704,-0.106191,-0.000524,-0.097560,0.038092,0.009868,0.294421,-0.118288,-0.001111,-0.004039,0.000000,0.000000,0.245427,0.170859,0.039904,0.821221,0.000000,0.000000,0.000000,0.261858,-0.176181,-0.019122,0.805386,0.000000,0.000000,0.000000
-0.416938,1.095543,0.797821,-0.004639,0.000790,-0.736272,0.676670,-0.096878,-0.010395,0.010965,0.289542,-0.094465,-0.000589,-0.097255,0.042854,0.011102,0.293723,-0.108074,-0.001250,-0.004544,0.000000,0.000000,0.251105,0.167216,0.044892,0.811374,0.000000,0.000000,0.000000,0.269590,-0.173203,-0.021512,0.793559,0.000000,0.000000,0.000000
-0.416938,1.095543,0.797548,-0.005219,0.000889,-0.736273,0.676664,-0.096531,-0.011550,0.012183,0.288380,-0.082739,-0.000655,-0.096950,0.047615,0.012336,0.293026,-0.097860,-0.001389,-0.005049,0.000000,0.000000,0.256783,0.163574,0.049880,0.801526,0.000000,0.000000,0.000000,0.277322,-0.170226,-0.023902,0.781733,0.000000,0.000000,0.000000
-0.416938,1.095543,0.797276,-0.005799,0.000988,-0.736274,0.676658,-0.096184,-0.012705,0.013402,0.287218,-0.071013,-0.000720,-0.096645,0.052377,0.013569,0.292328,-0.087646,-0.001528,-0.005554,0.000000,0.000000,0.262462,0.159931,0.054868,0.791679,0.000000,0.000000,0.000000,0.285054,-0.167248,-0.026293,0.769906,0.000000,0.000000,0.000000
-0.416938,1.095543,0.797003,-0.006379,0.001087,-0.736274,0.676652,-0.095837,-0.013860,0.014620,0.286056,-0.059287,-0.000785,-0.096339,0.057138,0.014803,0.291631,-0.077432,-0.001667,-0.006059,0.000000,0.000000,0.268140,0.156288,0.059856,0.781831,0.000000,0.000000,0.000000,0.292786,-0.164271,-0.028683,0.758079,0.000000,0.000000,0.000000
-0.416938,1.095543,0.796731,-0.006959,0.001185,-0.736275,0.676646,-0.095490,-0.015015,0.015839,0.284894,-0.047561,-0.000851,-0.096034,0.061900,0.016036,0.290934,-0.067218,-0.001806,-0.006564,0.000000,0.000000,0.273818,0.152646,0.064844,0.771984,0.000000,0.000000,0.000000,0.300518,-0.161294,-0.031073,0.746252,0.000000,0.000000,0.000000
-0.416938,1.095543,0.796459,-0.007539,0.001284,-0.736275,0.676639,-0.095143,-0.016170,0.017057,0.283732,-0.035835,-0.000916,-0.095729,0.066661,0.017270,0.290236,-0.057004,-0.001945,-0.007068,0.000000,0.000000,0.279497,0.149003,0.069832,0.762137,0.000000,0.000000,0.000000,0.308251,-0.158316,-0.033463,0.734426,0.000000,0.000000,0.000000
-0.416938,1.095543,0.796186,-0.008119,0.001383,-0.736275,0.676633,-0.094796,-0.017325,0.018275,0.282570,-0.024108,-0.000982,-0.095424,0.071423,0.018503,0.289539,-0.046790,-0.002084,-0.007573,0.000000,0.000000,0.285175,0.145360,0.074820,0.752289,0.000000,0.000000,0.000000,0.315983,-0.155339,-0.035854,0.722599,0.000000,0.000000,0.000000
-0.416938,1.095543,0.795914,-0.008699,0.001482,-0.736274,0.676626,-0.094449,-0.018480,0.019494,0.281408,-0.012382,-0.001047,-0.095119,0.076184,0.019737,0.288841,-0.036576,-0.002223,-0.008078,0.000000,0.000000,0.290853,0.141718,0.079808,0.742442,0.000000,0.000000,0.000000,0.323715,-0.152361,-0.038244,0.710772,0.000000,0.000000,0.000000
-0.416938,1.095543,0.795641,-0.009278,0.001581,-0.736274,0.676619,-0.094102,-0.019635,0.020712,0.280246,-0.000656,-0.001113,-0.094814,0.080946,0.020971,0.288144,-0.026362,-0.002362,-0.008583,0.000000,0.000000,0.296532,0.138075,0.084796,0.732595,0.000000,0.000000,0.000000,0.331447,-0.149384,-0.040634,0.698946,0.000000,0.000000,0.000000
-0.416938,1.095543,0.795369,-0.009858,0.001679,-0.736273,0.676611,-0.093755,-0.020790,0.021930,0.279084,0.011070,-0.001178,-0.094509,0.085708,0.022204,0.287446,-0.016148,-0.002501,-0.009088,0.000000,0.000000,0.302210,0.134432,0.089784,0.722747,0.000000,0.000000,0.000000,0.339179,-0.146407,-0.043024,0.687119,0.000000,0.000000,0.000000
-0.416938,1.095543,0.795097,-0.010438,0.001778,-0.736272,0.676603,-0.093408,-0.021945,0.023149,0.277922,0.022796,-0.001244,-0.094204,0.090469,0.023438,0.286749,-0.005934,-0.002640,-0.009593,0.000000,0.000000,0.307888,0.130790,0.094772,0.712900,0.000000,0.000000,0.000000,0.346912,-0.143429,-0.045415,0.675292,0.000000,0.000000,0.000000
-0.416938,1.095543,0.794824,-0.011018,0.001877,-0.736270,0.676596,-0.093061,-0.023100,0.024367,0.276760,0.034522,-0.001309,-0.093899,0.095231,0.024671,0.286052,0.004280,-0.002779,-0.010098,0.000000,0.000000,0.313567,0.127147,0.099760,0.703052,0.000000,0.000000,0.000000,0.354644,-0.140452,-0.047805,0.663465,0.000000,0.000000,0.000000
-0.416938,1.095543,0.794552,-0.011598,0.001976,-0.736268,0.676587,-0.092714,-0.024255,0.025585,0.275598,0.046248,-0.001374,-0.093594,0.099992,0.025905,0.285354,0.014495,-0.002918,-0.010603,0.000000,0.000000,0.319245,0.123504,0.104748,0.693205,0.000000,0.000000,0.000000,0.362376,-0.137474,-0.050195,0.651639,0.000000,0.000000,0.000000
-0.416938,1.095543,0.794279,-0.012178,0.002075,-0.736266,0.676579,-0.092367,-0.025410,0.026804,0.274436,0.057974,-0.001440,-0.093289,0.104754,0.027138,0.284657,0.024709,-0.003057,-0.011107,0.000000,0.000000,0.324923,0.119862,0.109736,0.683358,0.000000,0.000000,0.000000,0.370108,-0.134497,-0.052585,0.639812,0.000000,0.000000,0.000000
-0.416938,1.095543,0.794007,-0.012758,0.002173,-0.736264,0.676570,-0.092020,-0.026565,0.028022,0.273274,0.069700,-0.001505,-0.092984,0.109515,0.028372,0.283959,0.034923,-0.003196,-0.011612,0.000000,0.000000,0.330602,0.116219,0.114724,0.673510,0.000000,0.000000,0.000000,0.377840,-0.131520,-0.054976,0.627985,0.000000,0.000000,0.000000
-0.416938,1.095543,0.793734,-0.013337,0.002272,-0.736262,0.676562,-0.091673,-0.027720,0.029240,0.272112,0.081426,-0.001571,-0.092679,0.114277,0.029605,0.283262,0.045137,-0.003334,-0.012117,0.000000,0.000000,0.336280,0.112577,0.119712,0.663663,0.000000,0.000000,0.000000,0.385573,-0.128542,-0.057366,0.616158,0.000000,0.000000,0.000000
-0.416938,1.095543,0.793462,-0.013917,0.002371,-0.736259,0.676552,-0.091326,-0.028875,0.030459,0.270950,0.093153,-0.001636,-0.092374,0.119038,0.030839,0.282565,0.055351,-0.003473,-0.012622,0.000000,0.000000,0.341958,0.108934,0.124700,0.653816,0.000000,0.000000,0.000000,0.393305,-0.125565,-0.059756,0.604332,0.000000,0.000000,0.000000
-0.416938,1.095543,0.793190,-0.014497,0.002470,-0.736256,0.676543,-0.090979,-0.030030,0.031677,0.269788,0.104879,-0.001702,-0.092069,0.123800,0.032073,0.281867,0.065565,-0.003612,-0.013127,0.000000,0.000000,0.347637,0.105291,0.129688,0.643968,0.000000,0.000000,0.000000,0.401037,-0.122587,-0.062146,0.592505,0.000000,0.000000,0.000000
-0.416938,1.095543,0.792917,-0.015077,0.002568,-0.736253,0.676534,-0.090633,-0.031185,0.032895,0.268626,0.116605,-0.001767,-0.091764,0.128561,0.033306,0.281170,0.075779,-0.003751,-0.013632,0.000000,0.000000,0.353315,0.101649,0.134676,0.634121,0.000000,0.000000,0.000000,0.408769,-0.119610,-0.064537,0.580678,0.000000,0.000000,0.000000
-0.416938,1.095543,0.792645,-0.015657,0.002667,-0.736249,0.676524,-0.090286,-0.032340,0.034114,0.267464,0.128331,-0.001833,-0.091459,0.133323,0.034540,0.280472,0.085993,-0.003890,-0.014137,0.000000,0.000000,0.358993,0.098006,0.139664,0.624273,0.000000,0.000000,0.000000,0.416501,-0.116632,-0.066927,0.568852,0.000000,0.000000,0.000000
-0.416938,1.095543,0.792372,-0.016237,0.002766,-0.736246,0.676514,-0.089939,-0.033495,0.035332,0.266302,0.140057,-0.001898,-0.091154,0.138084,0.035773,0.279775,0.096207,-0.004029,-0.014642,0.000000,0.000000,0.364672,0.094363,0.144652,0.614426,0.000000,0.000000,0.000000,0.424234,-0.113655,-0.069317,0.557025,0.000000,0.000000,0.000000
-0.416938,1.095543,0.792100,-0.016817,0.002865,-0.736242,0.676504,-0.089592,-0.034650,0.036550,0.265140,0.151783,-0.001964,-0.090849,0.142846,0.037007,0.279077,0.106421,-0.004168,-0.015147,0.000000,0.000000,0.370350,0.090721,0.149640,0.604579,0.000000,0.000000,0.000000,0.431966,-0.110678,-0.071707,0.545198,0.000000,0.000000,0.000000
-0.416938,1.095543,0.792100,0.016817,-0.002865,0.736242,-0.676504,-0.089245,-0.035805,0.037769,0.263978,0.163509,-0.002029,-0.090544,0.147607,0.038240,0.278380,0.116635,-0.004307,-0.015651,0.000000,0.000000,0.376028,0.087078,0.154628,0.594731,0.000000,0.000000,0.000000,0.439698,-0.107700,-0.074097,0.533371,0.000000,0.000000,0.000000
-0.421082,1.098889,0.792471,0.017314,-0.003573,0.736143,-0.676595,-0.093032,-0.027744,0.035625,0.265303,0.163192,-0.002068,-0.099686,0.150723,0.038184,0.287062,0.116864,-0.004330,-0.019700,0.000000,0.000000,0.355195,0.092871,0.158789,0.588488,0.000000,0.000000,0.000000,0.422044,-0.126769,-0.083152,0.530559,0.000000,0.000000,0.000000
-0.425135,1.102976,0.793008,0.017989,-0.005612,0.736427,-0.676254,-0.100771,-0.017695,0.033191,0.267934,0.162833,-0.002130,-0.115956,0.152296,0.040992,0.301901,0.117444,-0.004358,-0.025237,0.000000,0.000000,0.325126,0.098471,0.162407,0.578856,0.000000,0.000000,0.000000,0.392149,-0.147387,-0.093623,0.526251,0.000000,0.000000,0.000000
-0.428414,1.107605,0.794235,0.019561,-0.010402,0.738423,-0.673974,-0.112130,-0.003596,0.029636,0.270465,0.162438,-0.002218,-0.147751,0.143269,0.048378,0.316802,0.117887,-0.004468,-0.031030,0.000000,0.000000,0.285722,0.107367,0.166654,0.568230,0.000000,0.000000,0.000000,0.351777,-0.164633,-0.103892,0.522008,0.000000,0.000000,0.000000
-0.431006,1.113064,0.795533,0.019995,-0.015899,0.742983,-0.668823,-0.124615,0.010493,0.026544,0.270887,0.162181,-0.002322,-0.191924,0.114501,0.059875,0.321008,0.115909,-0.004917,-0.033343,0.000000,0.000000,0.238180,0.119885,0.172264,0.558402,0.000000,0.000000,0.000000,0.300176,-0.176478,-0.112821,0.517103,0.000000,0.000000,0.000000
-0.434317,1.119003,0.796188,0.018164,-0.018976,0.749677,-0.661283,-0.135015,0.018860,0.025681,0.269018,0.162497,-0.002444,-0.234415,0.066363,0.073993,0.311636,0.112422,-0.005608,-0.027696,0.000000,0.000000,0.182549,0.127523,0.177383,0.550452,0.000000,0.000000,0.000000,0.240207,-0.182897,-0.122610,0.512785,0.000000,0.000000,0.000000
-0.438060,1.124506,0.796773,0.016820,-0.021052,0.757713,-0.652032,-0.142231,0.026865,0.025235,0.267352,0.163272,-0.002543,-0.272424,0.009105,0.086933,0.293225,0.109683,-0.006400,-0.014488,0.000000,0.000000,0.120620,0.130888,0.181638,0.542674,0.000000,0.000000,0.000000,0.179401,-0.189928,-0.135616,0.508797,0.000000,0.000000,0.000000
-0.443130,1.129207,0.796725,0.014143,-0.021279,0.766093,-0.642222,-0.148941,0.031910,0.025725,0.268013,0.164283,-0.002627,-0.308264,-0.054670,0.098328,0.271057,0.109079,-0.007277,0.005489,0.000000,0.000000,0.055846,0.129860,0.184183,0.535435,0.000000,0.000000,0.000000,0.113038,-0.193379,-0.147289,0.504040,0.000000,0.000000,0.000000
-0.449566,1.133386,0.796764,0.012847,-0.020690,0.773755,-0.633016,-0.152381,0.039259,0.025362,0.271726,0.165272,-0.002722,-0.338536,-0.116739,0.106681,0.250432,0.112083,-0.007960,0.029585,0.000000,0.000000,-0.009616,0.124058,0.185179,0.528711,0.000000,0.000000,0.000000,0.047316,-0.187461,-0.152849,0.499587,0.000000,0.000000,0.000000
-0.458481,1.135972,0.796713,0.011476,-0.018700,0.780057,-0.625323,-0.151188,0.047796,0.024297,0.277271,0.166112,-0.002851,-0.363960,-0.176108,0.113009,0.235005,0.118550,-0.008507,0.055012,0.000000,0.000000,-0.072314,0.110478,0.183531,0.523111,0.000000,0.000000,0.000000,-0.012402,-0.176934,-0.155945,0.496681,0.000000,0.000000,0.000000
-0.469711,1.137810,0.796703,0.011166,-0.016297,0.784639,-0.619638,-0.147414,0.059344,0.021936,0.284509,0.166536,-0.003024,-0.382438,-0.229238,0.117381,0.228373,0.128131,-0.009031,0.080955,0.000000,0.000000,-0.127306,0.094426,0.181774,0.520507,0.000000,0.000000,0.000000,-0.061120,-0.164108,-0.158096,0.495465,0.000000,0.000000,0.000000
-0.483327,1.138659,0.796858,0.012811,-0.013622,0.787760,-0.615698,-0.140597,0.075203,0.017625,0.294995,0.166493,-0.003250,-0.390865,-0.274501,0.120246,0.234627,0.140413,-0.009659,0.105924,0.000000,0.000000,-0.167159,0.079708,0.182948,0.523834,0.000000,0.000000,0.000000,-0.095053,-0.149343,-0.159126,0.496215,0.000000,0.000000,0.000000
-0.500273,1.137759,0.796631,0.015021,-0.010291,0.789415,-0.613590,-0.130594,0.094781,0.011485,0.309262,0.165719,-0.003490,-0.391541,-0.311610,0.122527,0.254158,0.154465,-0.010520,0.126419,0.000000,0.000000,-0.204190,0.061144,0.179789,0.525299,0.000000,0.000000,0.000000,-0.121143,-0.134260,-0.157762,0.495708,0.000000,0.000000,0.000000
-0.520251,1.135196,0.796026,0.017921,-0.007897,0.789618,-0.613286,-0.119470,0.120843,0.002730,0.326318,0.163860,-0.003755,-0.385168,-0.336820,0.123255,0.284924,0.168845,-0.011574,0.143342,0.000000,0.000000,-0.232073,0.044655,0.174651,0.526210,0.000000,0.000000,0.000000,-0.141614,-0.119729,-0.153885,0.493455,0.000000,0.000000,0.000000
-0.543734,1.131633,0.794366,0.021115,-0.006568,0.787912,-0.615391,-0.109448,0.153940,-0.008576,0.345655,0.160644,-0.004061,-0.371298,-0.347398,0.122330,0.324420,0.183080,-0.012669,0.155832,0.000000,0.000000,-0.253649,0.032635,0.167878,0.520291,0.000000,0.000000,0.000000,-0.158090,-0.104912,-0.147096,0.487002,0.000000,0.000000,0.000000
-0.569922,1.127730,0.791452,0.025168,-0.007430,0.784676,-0.619351,-0.104993,0.196164,-0.023022,0.368100,0.155700,-0.004457,-0.356434,-0.333027,0.119556,0.365150,0.196514,-0.012596,0.160994,0.000000,0.000000,-0.267988,0.028857,0.162296,0.506819,0.000000,0.000000,0.000000,-0.165807,-0.089053,-0.138433,0.479592,0.000000,0.000000,0.000000
-0.598022,1.124501,0.787345,0.032529,-0.011436,0.780650,-0.624016,-0.106179,0.252596,-0.042507,0.395687,0.148929,-0.004987,-0.334429,-0.297973,0.112211,0.403557,0.207900,-0.011966,0.165503,0.000000,0.000000,-0.272452,0.038278,0.161096,0.484180,0.000000,0.000000,0.000000,-0.163451,-0.066249,-0.125226,0.469758,0.000000,0.000000,0.000000
-0.623829,1.122479,0.781469,0.041075,-0.017812,0.776729,-0.628242,-0.114161,0.318301,-0.064434,0.427068,0.140321,-0.005423,-0.314026,-0.252731,0.101456,0.440074,0.214924,-0.011082,0.170700,0.000000,0.000000,-0.272860,0.061889,0.163258,0.447977,0.000000,0.000000,0.000000,-0.158354,-0.035032,-0.107578,0.455462,0.000000,0.000000,0.000000
-0.644881,1.123465,0.773255,0.046119,-0.022922,0.773945,-0.631155,-0.132925,0.376904,-0.081192,0.459948,0.130258,-0.005803,-0.309521,-0.219127,0.094971,0.475012,0.216493,-0.010246,0.174104,0.000000,0.000000,-0.268177,0.086400,0.166100,0.399614,0.000000,0.000000,0.000000,-0.146799,-0.006544,-0.090317,0.436574,0.000000,0.000000,0.000000
-0.662650,1.125114,0.763270,0.043989,-0.024917,0.772689,-0.632768,-0.164099,0.417179,-0.086296,0.495216,0.119387,-0.006586,-0.323096,-0.206712,0.095805,0.510682,0.212403,-0.009657,0.174602,0.000000,0.000000,-0.259344,0.100427,0.168361,0.340615,0.000000,0.000000,0.000000,-0.135307,0.005120,-0.078896,0.407584,0.000000,0.000000,0.000000
-0.676886,1.127757,0.752638,0.040445,-0.026223,0.772309,-0.633416,-0.202826,0.451201,-0.084449,0.537710,0.108037,-0.007829,-0.348123,-0.202361,0.096925,0.551866,0.203170,-0.009155,0.173241,0.000000,0.000000,-0.236417,0.101375,0.167527,0.280254,0.000000,0.000000,0.000000,-0.121430,0.002862,-0.073360,0.371750,0.000000,0.000000,0.000000
-0.688279,1.130558,0.740821,0.035974,-0.026483,0.772477,-0.633470,-0.246499,0.480846,-0.077944,0.589727,0.096068,-0.009360,-0.381739,-0.203674,0.099054,0.601781,0.190002,-0.008578,0.170446,0.000000,0.000000,-0.203951,0.095570,0.164670,0.220406,0.000000,0.000000,0.000000,-0.102603,-0.006319,-0.071990,0.332218,0.000000,0.000000,0.000000
-0.696727,1.134303,0.728031,0.030021,-0.027367,0.773276,-0.632767,-0.299821,0.507715,-0.069462,0.650109,0.083029,-0.011227,-0.432286,-0.207961,0.102703,0.662687,0.173315,-0.007768,0.169286,0.000000,0.000000,-0.168476,0.084133,0.160628,0.162353,0.000000,0.000000,0.000000,-0.084930,-0.013606,-0.070297,0.291908,0.000000,0.000000,0.000000
-0.701281,1.138023,0.714560,0.023994,-0.028087,0.774574,-0.631403,-0.358501,0.532729,-0.059636,0.720882,0.069154,-0.013163,-0.494260,-0.217255,0.108414,0.736918,0.154716,-0.006829,0.170311,0.000000,0.000000,-0.130456,0.068254,0.156540,0.108327,0.000000,0.000000,0.000000,-0.068506,-0.017834,-0.067785,0.251504,0.000000,0.000000,0.000000
-0.704429,1.141643,0.699619,0.019001,-0.028175,0.776283,-0.629468,-0.418988,0.560858,-0.050974,0.801583,0.055070,-0.015090,-0.560734,-0.228089,0.114892,0.823472,0.135788,-0.005808,0.172033,0.000000,0.000000,-0.088376,0.051805,0.152074,0.056426,0.000000,0.000000,0.000000,-0.052101,-0.017645,-0.063817,0.209710,0.000000,0.000000,0.000000
-0.706962,1.145371,0.683176,0.014569,-0.028344,0.778675,-0.626617,-0.483370,0.592928,-0.045335,0.889431,0.041104,-0.017071,-0.632573,-0.238027,0.122081,0.919301,0.117150,-0.004687,0.174667,0.000000,0.000000,-0.041932,0.036200,0.148855,0.001040,0.000000,0.000000,0.000000,-0.030906,-0.016944,-0.060413,0.167849,0.000000,0.000000,0.000000
-0.708966,1.148362,0.665237,0.009947,-0.028106,0.781506,-0.623185,-0.548645,0.626361,-0.042445,0.983976,0.027684,-0.019024,-0.708502,-0.249549,0.131648,1.021891,0.099336,-0.003620,0.179148,0.000000,0.000000,0.006520,0.019117,0.145314,-0.058140,0.000000,0.000000,0.000000,-0.008613,-0.014328,-0.056536,0.125101,0.000000,0.000000,0.000000
-0.710694,1.150063,0.646128,0.009118,-0.028207,0.784684,-0.619186,-0.611690,0.665019,-0.046842,1.082731,0.015162,-0.021028,-0.778747,-0.256694,0.139848,1.129135,0.083270,-0.002735,0.186378,0.000000,0.000000,0.055837,0.001110,0.141320,-0.116445,0.000000,0.000000,0.000000,0.011610,-0.005031,-0.052041,0.080483,0.000000,0.000000,0.000000
-0.712343,1.150930,0.627302,0.006566,-0.028744,0.788041,-0.614916,-0.674315,0.701175,-0.054876,1.178085,0.004119,-0.022573,-0.849269,-0.260629,0.149686,1.232160,0.069253,-0.001708,0.196596,0.000000,0.000000,0.096018,-0.018055,0.135474,-0.174251,0.000000,0.000000,0.000000,0.026917,0.006169,-0.045833,0.035358,0.000000,0.000000,0.000000
-0.713419,1.151694,0.610474,0.003945,-0.030217,0.791120,-0.610901,-0.733654,0.733771,-0.066578,1.263132,-0.004849,-0.023549,-0.914801,-0.258831,0.159505,1.324034,0.057937,-0.000760,0.209350,0.000000,0.000000,0.122099,-0.037012,0.127407,-0.229168,0.000000,0.000000,0.000000,0.043652,0.020019,-0.035827,-0.002755,0.000000,0.000000,0.000000
-0.714468,1.152574,0.596542,0.001429,-0.030252,0.793792,-0.607435,-0.781053,0.758795,-0.077078,1.332515,-0.010593,-0.023648,-0.967143,-0.253525,0.170647,1.398051,0.050126,-0.000025,0.220390,0.000000,0.000000,0.135479,-0.054615,0.117719,-0.278208,0.000000,0.000000,0.000000,0.060239,0.031173,-0.026277,-0.035535,0.000000,0.000000,0.000000
-0.715256,1.153298,0.587132,-0.000637,-0.030309,0.796012,-0.604522,-0.814590,0.776100,-0.084563,1.381192,-0.012878,-0.023089,-1.003590,-0.244875,0.180590,1.449169,0.045749,0.000421,0.228151,0.000000,0.000000,0.140554,-0.068404,0.108454,-0.318201,0.000000,0.000000,0.000000,0.075235,0.036777,-0.020914,-0.060640,0.000000,0.000000,0.000000
-0.715962,1.153900,0.581943,-0.002108,-0.030789,0.797759,-0.602186,-0.835313,0.787243,-0.088982,1.410025,-0.012367,-0.022144,-1.025697,-0.233435,0.187645,1.479000,0.044079,0.000685,0.231421,0.000000,0.000000,0.136852,-0.075810,0.101600,-0.349930,0.000000,0.000000,0.000000,0.084525,0.038445,-0.019833,-0.080093,0.000000,0.000000,0.000000
-0.716386,1.154525,0.580251,-0.002464,-0.030288,0.799246,-0.600236,-0.842319,0.792132,-0.088858,1.423534,-0.009425,-0.020923,-1.033608,-0.222184,0.193112,1.491978,0.044558,0.000837,0.231700,0.000000,0.000000,0.136798,-0.077006,0.096983,-0.367047,0.000000,0.000000,0.000000,0.088944,0.040299,-0.018236,-0.095018,0.000000,0.000000,0.000000
-0.716404,1.155053,0.581218,-0.003077,-0.030939,0.800508,-0.598515,-0.843237,0.792946,-0.086391,1.425317,-0.005368,-0.019685,-1.035805,-0.209468,0.196398,1.492770,0.046097,0.000964,0.229553,0.000000,0.000000,0.137362,-0.074318,0.095093,-0.374953,0.000000,0.000000,0.000000,0.086720,0.043909,-0.014803,-0.108022,0.000000,0.000000,0.000000
-0.716288,1.155819,0.582736,-0.003653,-0.031164,0.801789,-0.596783,-0.840294,0.792421,-0.082599,1.422164,-0.000972,-0.018488,-1.035760,-0.198244,0.200071,1.488797,0.048063,0.001079,0.226581,0.000000,0.000000,0.138050,-0.071672,0.094761,-0.378547,0.000000,0.000000,0.000000,0.082472,0.048101,-0.009357,-0.118848,0.000000,0.000000,0.000000
-0.715884,1.156641,0.584303,-0.004056,-0.031490,0.803297,-0.594732,-0.836541,0.792007,-0.078914,1.417861,0.003164,-0.017412,-1.035866,-0.189363,0.203582,1.483802,0.050083,0.001161,0.225034,0.000000,0.000000,0.137959,-0.070588,0.093690,-0.380060,0.000000,0.000000,0.000000,0.079001,0.052458,-0.001660,-0.127520,0.000000,0.000000,0.000000
-0.715122,1.157536,0.585587,-0.003918,-0.031851,0.805102,-0.592267,-0.832803,0.792555,-0.076203,1.414570,0.006815,-0.016460,-1.036487,-0.182071,0.206204,1.479310,0.052030,0.001230,0.224302,0.000000,0.000000,0.138396,-0.070562,0.091475,-0.380186,0.000000,0.000000,0.000000,0.078192,0.055934,0.005844,-0.133751,0.000000,0.000000,0.000000
-0.714115,1.158357,0.586365,-0.003878,-0.032085,0.807172,-0.589430,-0.829355,0.793798,-0.073563,1.413147,0.009999,-0.015598,-1.038550,-0.176181,0.208681,1.475767,0.053792,0.001307,0.224030,0.000000,0.000000,0.138707,-0.071574,0.088997,-0.379543,0.000000,0.000000,0.000000,0.078339,0.058401,0.012447,-0.138938,0.000000,0.000000,0.000000
-0.713027,1.159041,0.586605,-0.004307,-0.031932,0.809464,-0.586285,-0.825723,0.795300,-0.069905,1.413683,0.012848,-0.014806,-1.042498,-0.171840,0.211825,1.473467,0.055334,0.001392,0.223496,0.000000,0.000000,0.137705,-0.072799,0.086990,-0.377852,0.000000,0.000000,0.000000,0.078481,0.059943,0.017594,-0.143893,0.000000,0.000000,0.000000
-0.711783,1.159648,0.586659,-0.004736,-0.031584,0.812093,-0.582653,-0.821680,0.796824,-0.065640,1.415560,0.015407,-0.014095,-1.047237,-0.168280,0.215090,1.472132,0.056746,0.001475,0.222760,0.000000,0.000000,0.135567,-0.072927,0.086689,-0.375911,0.000000,0.000000,0.000000,0.077698,0.060910,0.021292,-0.149724,0.000000,0.000000,0.000000
-0.710406,1.160099,0.586417,-0.005058,-0.031060,0.815377,-0.578074,-0.816851,0.798318,-0.061395,1.419001,0.017679,-0.013465,-1.052807,-0.164880,0.218389,1.471844,0.058015,0.001562,0.220927,0.000000,0.000000,0.131057,-0.071345,0.088381,-0.374200,0.000000,0.000000,0.000000,0.075650,0.062403,0.024607,-0.156841,0.000000,0.000000,0.000000
-0.708960,1.160212,0.585690,-0.006017,-0.030322,0.819306,-0.572522,-0.810807,0.799545,-0.056162,1.424337,0.019771,-0.012884,-1.060844,-0.160574,0.222607,1.472420,0.059022,0.001678,0.214727,0.000000,0.000000,0.122221,-0.065443,0.092420,-0.374516,0.000000,0.000000,0.000000,0.070648,0.064457,0.028185,-0.167721,0.000000,0.000000,0.000000
-0.707758,1.160403,0.584668,-0.007579,-0.029447,0.823231,-0.566892,-0.803796,0.801433,-0.049525,1.430394,0.021778,-0.012332,-1.071208,-0.154231,0.227670,1.473483,0.059843,0.001803,0.202064,0.000000,0.000000,0.110972,-0.050131,0.101208,-0.375317,0.000000,0.000000,0.000000,0.060980,0.067414,0.032690,-0.185350,0.000000,0.000000,0.000000
-0.707325,1.160724,0.583718,-0.009173,-0.029003,0.825293,-0.563885,-0.796905,0.806612,-0.042280,1.434701,0.023628,-0.011797,-1.081169,-0.145257,0.232200,1.474617,0.060743,0.001895,0.183236,0.000000,0.000000,0.102166,-0.015543,0.118854,-0.370284,0.000000,0.000000,0.000000,0.040640,0.067653,0.037135,-0.221828,0.000000,0.000000,0.000000
-0.709123,1.161297,0.582934,-0.009626,-0.029338,0.823094,-0.567065,-0.793031,0.820566,-0.036224,1.433540,0.024970,-0.011284,-1.085005,-0.135212,0.233940,1.477041,0.062046,0.001888,0.164934,0.000000,0.000000,0.098436,0.041684,0.145425,-0.355537,0.000000,0.000000,0.000000,0.005527,0.055181,0.037625,-0.285113,0.000000,0.000000,0.000000
-0.714388,1.160547,0.582995,-0.007087,-0.031490,0.815173,-0.578317,-0.794625,0.846245,-0.035398,1.422549,0.025184,-0.010867,-1.073655,-0.127371,0.228769,1.482137,0.064099,0.001729,0.160407,0.000000,0.000000,0.094850,0.107136,0.170060,-0.337302,0.000000,0.000000,0.000000,-0.058272,0.013992,0.034556,-0.370151,0.000000,0.000000,0.000000
-0.719087,1.159695,0.586616,0.005757,-0.036901,0.801950,-0.596223,-0.806246,0.882874,-0.049664,1.400224,0.023118,-0.010714,-1.032937,-0.122729,0.207411,1.485527,0.067710,0.001438,0.194237,0.000000,0.000000,0.085705,0.171426,0.178692,-0.331231,0.000000,0.000000,0.000000,-0.157899,-0.070853,0.026139,-0.448243,0.000000,0.000000,0.000000
-0.722966,1.158638,0.589914,0.020199,-0.036659,0.785765,-0.617107,-0.819017,0.906530,-0.063352,1.376016,0.020718,-0.010536,-0.975938,-0.131806,0.186891,1.487316,0.071900,0.001257,0.274660,0.000000,0.000000,0.074454,0.215801,0.161591,-0.353293,0.000000,0.000000,0.000000,-0.281527,-0.216706,0.008737,-0.509713,0.000000,0.000000,0.000000
-0.726471,1.156725,0.593364,0.030472,-0.035777,0.767863,-0.638889,-0.837238,0.911520,-0.075637,1.352001,0.017979,-0.010582,-0.922033,-0.148526,0.168308,1.485969,0.075077,0.001134,0.386408,0.000000,0.000000,0.071679,0.235182,0.129053,-0.393454,0.000000,0.000000,0.000000,-0.402571,-0.412532,-0.029083,-0.538629,0.000000,0.000000,0.000000
-0.729193,1.154940,0.596422,0.041193,-0.032247,0.749377,-0.660074,-0.854132,0.900156,-0.091207,1.332436,0.015356,-0.010844,-0.865639,-0.167759,0.149876,1.485141,0.077595,0.001052,0.517231,0.000000,0.000000,0.087990,0.239925,0.094101,-0.442524,0.000000,0.000000,0.000000,-0.502601,-0.619201,-0.066344,-0.488890,0.000000,0.000000,0.000000
-0.731366,1.153170,0.598231,0.044871,-0.027802,0.733401,-0.677744,-0.870250,0.867586,-0.102975,1.318239,0.013481,-0.011057,-0.821678,-0.194416,0.137780,1.482839,0.078541,0.001040,0.658946,0.000000,0.000000,0.117079,0.233892,0.054185,-0.492925,0.000000,0.000000,0.000000,-0.561522,-0.780532,-0.087949,-0.326755,0.000000,0.000000,0.000000
-0.733519,1.150297,0.600053,0.042652,-0.028368,0.721636,-0.690374,-0.889612,0.827797,-0.117073,1.308141,0.011579,-0.011414,-0.798809,-0.222308,0.126343,1.479040,0.077332,0.001008,0.783389,0.000000,0.000000,0.153233,0.230994,0.020663,-0.541084,0.000000,0.000000,0.000000,-0.587675,-0.894983,-0.140949,-0.095830,0.000000,0.000000,0.000000
-0.736081,1.146839,0.599218,0.030394,-0.028591,0.714294,-0.698601,-0.909205,0.780544,-0.125557,1.307521,0.010228,-0.011559,-0.804848,-0.259919,0.126053,1.480055,0.073134,0.001103,0.883033,0.000000,0.000000,0.197263,0.217684,-0.017659,-0.582011,0.000000,0.000000,0.000000,-0.616254,-1.003896,-0.246348,0.097694,0.000000,0.000000,0.000000
-0.737564,1.143784,0.597819,0.011908,-0.033738,0.712825,-0.700428,-0.939031,0.734755,-0.133458,1.311322,0.008650,-0.011617,-0.841820,-0.301222,0.130903,1.486600,0.065985,0.001244,0.954125,0.000000,0.000000,0.235141,0.197317,-0.059886,-0.611941,0.000000,0.000000,0.000000,-0.631920,-1.103419,-0.322140,0.245232,0.000000,0.000000,0.000000
-0.737022,1.142457,0.593691,0.005630,-0.036782,0.716478,-0.696617,-0.951851,0.715136,-0.154430,1.324449,0.008585,-0.011475,-0.874545,-0.325882,0.126502,1.497529,0.059196,0.001354,0.935652,0.000000,0.000000,0.260325,0.184736,-0.090340,-0.633662,0.000000,0.000000,0.000000,-0.610828,-1.163079,-0.339274,0.352642,0.000000,0.000000,0.000000
-0.736119,1.142274,0.589683,0.006854,-0.034315,0.723225,-0.689726,-0.947823,0.709840,-0.172331,1.343449,0.010351,-0.011242,-0.889475,-0.337620,0.122751,1.510967,0.054450,0.001559,0.872408,0.000000,0.000000,0.221208,0.186535,-0.121358,-0.653931,0.000000,0.000000,0.000000,-0.602975,-1.176788,-0.307736,0.400875,0.000000,0.000000,0.000000
-0.736263,1.141900,0.587713,0.005472,-0.030078,0.734917,-0.677467,-0.933998,0.705916,-0.176656,1.362351,0.013821,-0.011034,-0.905815,-0.341239,0.126437,1.521104,0.050197,0.001823,0.786954,0.000000,0.000000,0.116207,0.208995,-0.147933,-0.663033,0.000000,0.000000,0.000000,-0.622480,-1.144501,-0.242514,0.390722,0.000000,0.000000,0.000000
-0.733931,1.144341,0.585500,0.006575,-0.022329,0.752796,-0.657842,-0.902455,0.707640,-0.169609,1.382759,0.019354,-0.010633,-0.923257,-0.339507,0.137070,1.525660,0.046601,0.002027,0.670877,0.000000,0.000000,-0.029512,0.229778,-0.171387,-0.655206,0.000000,0.000000,0.000000,-0.660123,-1.055537,-0.160020,0.335614,0.000000,0.000000,0.000000
-0.728801,1.146106,0.582673,0.010665,-0.016538,0.773603,-0.633365,-0.857673,0.723397,-0.157377,1.402753,0.026025,-0.010120,-0.940865,-0.327938,0.146424,1.522517,0.044003,0.002117,0.515425,0.000000,0.000000,-0.206310,0.254140,-0.186022,-0.615302,0.000000,0.000000,0.000000,-0.700948,-0.906016,-0.069021,0.244254,0.000000,0.000000,0.000000
-0.723635,1.146137,0.581024,0.013673,-0.010863,0.793604,-0.608184,-0.804867,0.746947,-0.135056,1.420491,0.033284,-0.009530,-0.958201,-0.311557,0.156909,1.515374,0.042327,0.002235,0.341332,0.000000,0.000000,-0.395946,0.296105,-0.178310,-0.531104,0.000000,0.000000,0.000000,-0.731156,-0.700573,0.037604,0.110535,0.000000,0.000000,0.000000
-0.717872,1.145393,0.579219,0.017908,-0.008840,0.809851,-0.586295,-0.752724,0.777931,-0.109156,1.433055,0.039957,-0.009048,-0.972136,-0.286886,0.162357,1.505351,0.041762,0.002338,0.161152,0.000000,0.000000,-0.556585,0.368398,-0.136363,-0.389738,0.000000,0.000000,0.000000,-0.720834,-0.516238,0.125685,-0.024492,0.000000,0.000000,0.000000
-0.711401,1.144078,0.579617,0.026254,-0.014239,0.822583,-0.567861,-0.715292,0.822089,-0.092812,1.439954,0.043875,-0.008798,-0.977847,-0.254954,0.157373,1.496183,0.042434,0.002323,0.001728,0.000000,0.000000,-0.649571,0.462770,-0.053671,-0.207433,0.000000,0.000000,0.000000,-0.660726,-0.361079,0.190020,-0.157475,0.000000,0.000000,0.000000
-0.707090,1.141654,0.579085,0.026774,-0.025655,0.833565,-0.551175,-0.700114,0.873899,-0.076519,1.442105,0.044538,-0.008692,-0.996233,-0.218404,0.149202,1.486424,0.042562,0.002427,-0.138002,0.000000,0.000000,-0.690894,0.598711,0.069734,-0.044804,0.000000,0.000000,0.000000,-0.566212,-0.233929,0.243469,-0.286290,0.000000,0.000000,0.000000
-0.702903,1.141248,0.575294,0.026779,-0.035892,0.840759,-0.539555,-0.703577,0.933091,-0.061476,1.450222,0.042077,-0.008912,-1.024896,-0.183462,0.143912,1.485040,0.042040,0.002622,-0.246142,0.000000,0.000000,-0.706131,0.742242,0.181748,0.095362,0.000000,0.000000,0.000000,-0.464768,-0.138386,0.279596,-0.400920,0.000000,0.000000,0.000000
-0.699610,1.142874,0.571209,0.031782,-0.041511,0.846220,-0.530263,-0.719459,0.992948,-0.050202,1.465993,0.037630,-0.009521,-1.040564,-0.157694,0.143500,1.494790,0.042554,0.002600,-0.284529,0.000000,0.000000,-0.694434,0.856447,0.253057,0.218461,0.000000,0.000000,0.000000,-0.377488,-0.068315,0.293784,-0.493442,0.000000,0.000000,0.000000
-0.698635,1.144831,0.566353,0.033478,-0.046347,0.851719,-0.520871,-0.740604,1.045128,-0.042459,1.483374,0.032521,-0.010145,-1.058532,-0.134724,0.143014,1.506373,0.043149,0.002541,-0.279402,0.000000,0.000000,-0.682712,0.928725,0.292219,0.314365,0.000000,0.000000,0.000000,-0.318960,-0.015839,0.303678,-0.561494,0.000000,0.000000,0.000000
-0.696547,1.145422,0.561682,0.034100,-0.050348,0.856323,-0.512848,-0.756935,1.087912,-0.036855,1.500502,0.027826,-0.010471,-1.076851,-0.116265,0.142453,1.515566,0.044027,0.002567,-0.250649,0.000000,0.000000,-0.676386,0.966213,0.303412,0.383021,0.000000,0.000000,0.000000,-0.280842,0.020207,0.320140,-0.603523,0.000000,0.000000,0.000000
-0.694219,1.146274,0.558175,0.034426,-0.052384,0.860091,-0.506275,-0.767018,1.120436,-0.029562,1.515091,0.024406,-0.010516,-1.090531,-0.102075,0.143898,1.520954,0.045653,0.002599,-0.207768,0.000000,0.000000,-0.676299,0.978935,0.298640,0.429581,0.000000,0.000000,0.000000,-0.253729,0.041532,0.330815,-0.622986,0.000000,0.000000,0.000000
-0.694489,1.146804,0.555011,0.033941,-0.053241,0.863203,-0.500893,-0.769781,1.146967,-0.021024,1.524921,0.022567,-0.010426,-1.100747,-0.086780,0.145456,1.524622,0.047662,0.002610,-0.170317,0.000000,0.000000,-0.681641,0.978810,0.287567,0.461762,0.000000,0.000000,0.000000,-0.236701,0.053640,0.335751,-0.632984,0.000000,0.000000,0.000000
-0.696067,1.147182,0.552697,0.033601,-0.054394,0.865684,-0.496491,-0.768931,1.171593,-0.012354,1.529375,0.021604,-0.010313,-1.108017,-0.068634,0.146375,1.527611,0.049853,0.002606,-0.139233,0.000000,0.000000,-0.691524,0.973956,0.276871,0.483574,0.000000,0.000000,0.000000,-0.228074,0.061352,0.337509,-0.639446,0.000000,0.000000,0.000000
-0.697937,1.147861,0.550765,0.032788,-0.055005,0.867881,-0.492627,-0.766001,1.193999,-0.001571,1.531035,0.021366,-0.010133,-1.114342,-0.048272,0.149041,1.529985,0.052083,0.002641,-0.115437,0.000000,0.000000,-0.704541,0.970191,0.267772,0.499201,0.000000,0.000000,0.000000,-0.222707,0.065398,0.337657,-0.644067,0.000000,0.000000,0.000000
-0.699490,1.148568,0.549319,0.032206,-0.055421,0.869988,-0.488888,-0.761093,1.214637,0.010538,1.531507,0.021741,-0.009940,-1.119140,-0.027661,0.153294,1.531751,0.054416,0.002654,-0.097386,0.000000,0.000000,-0.718437,0.967629,0.260074,0.510946,0.000000,0.000000,0.000000,-0.219963,0.067031,0.336953,-0.647112,0.000000,0.000000,0.000000
-0.700423,1.148714,0.548195,0.032308,-0.055962,0.872060,-0.485114,-0.753956,1.234112,0.022749,1.532000,0.022565,-0.009754,-1.121853,-0.008866,0.158022,1.533001,0.056867,0.002632,-0.082756,0.000000,0.000000,-0.731920,0.965111,0.252968,0.519680,0.000000,0.000000,0.000000,-0.218691,0.067520,0.335038,-0.648223,0.000000,0.000000,0.000000
-0.700891,1.148421,0.547179,0.032785,-0.056514,0.874072,-0.481383,-0.745031,1.252243,0.035056,1.533100,0.023773,-0.009571,-1.123251,0.006970,0.162421,1.533719,0.059340,0.002586,-0.069456,0.000000,0.000000,-0.746241,0.962426,0.246328,0.525122,0.000000,0.000000,0.000000,-0.218777,0.068360,0.332586,-0.648061,0.000000,0.000000,0.000000
-0.701082,1.148136,0.546055,0.033329,-0.056444,0.876031,-0.477779,-0.734402,1.268055,0.048004,1.535317,0.025483,-0.009368,-1.124215,0.019459,0.166694,1.534284,0.061743,0.002541,-0.056904,0.000000,0.000000,-0.761088,0.956665,0.238707,0.528139,0.000000,0.000000,0.000000,-0.221669,0.070748,0.330549,-0.647469,0.000000,0.000000,0.000000
-0.701052,1.147894,0.545007,0.033871,-0.056013,0.877896,-0.474357,-0.722486,1.281335,0.061351,1.538262,0.027646,-0.009156,-1.125077,0.029380,0.170615,1.534730,0.064039,0.002500,-0.045251,0.000000,0.000000,-0.775241,0.949264,0.231048,0.530006,0.000000,0.000000,0.000000,-0.226132,0.074245,0.328787,-0.646544,0.000000,0.000000,0.000000
-0.700907,1.147521,0.544181,0.034421,-0.055551,0.879702,-0.471014,-0.709723,1.292150,0.074535,1.541271,0.030101,-0.008945,-1.125667,0.037245,0.173905,1.535011,0.066220,0.002458,-0.033779,0.000000,0.000000,-0.788540,0.942222,0.224180,0.531192,0.000000,0.000000,0.000000,-0.230772,0.077821,0.327028,-0.644448,0.000000,0.000000,0.000000
-0.700508,1.147287,0.543766,0.035166,-0.055375,0.881405,-0.467784,-0.697028,1.300988,0.086828,1.543735,0.032533,-0.008757,-1.126139,0.044093,0.175990,1.534657,0.068281,0.002418,-0.021345,0.000000,0.000000,-0.800669,0.936043,0.218271,0.531813,0.000000,0.000000,0.000000,-0.234919,0.081542,0.325159,-0.641618,0.000000,0.000000,0.000000
-0.700013,1.147296,0.543677,0.035683,-0.055309,0.882866,-0.464989,-0.685138,1.307392,0.098374,1.545457,0.034803,-0.008582,-1.127038,0.050218,0.177363,1.533483,0.070219,0.002386,-0.006509,0.000000,0.000000,-0.810550,0.930171,0.211423,0.531121,0.000000,0.000000,0.000000,-0.239360,0.084817,0.323130,-0.638374,0.000000,0.000000,0.000000
-0.699351,1.147315,0.544319,0.035718,-0.055902,0.883784,-0.463169,-0.675479,1.311456,0.109233,1.545439,0.036630,-0.008438,-1.128442,0.055770,0.177871,1.530807,0.072080,0.002361,0.014723,0.000000,0.000000,-0.816601,0.923934,0.200601,0.526300,0.000000,0.000000,0.000000,-0.245233,0.083385,0.318664,-0.634263,0.000000,0.000000,0.000000
-0.697629,1.147286,0.546578,0.035838,-0.056702,0.883923,-0.462796,-0.667411,1.310459,0.120226,1.543167,0.038295,-0.008248,-1.126516,0.060424,0.178872,1.524092,0.074279,0.002354,0.043007,0.000000,0.000000,-0.817904,0.914665,0.184396,0.515018,0.000000,0.000000,0.000000,-0.251869,0.073924,0.307110,-0.624871,0.000000,0.000000,0.000000
-0.694552,1.146984,0.551352,0.034721,-0.057554,0.883010,-0.464516,-0.660245,1.298557,0.133796,1.537331,0.040467,-0.007924,-1.120281,0.064214,0.182639,1.509444,0.077093,0.002379,0.075935,0.000000,0.000000,-0.812838,0.905958,0.164849,0.493872,0.000000,0.000000,0.000000,-0.254945,0.054910,0.284945,-0.608487,0.000000,0.000000,0.000000
-0.689530,1.146244,0.559222,0.033455,-0.058096,0.880637,-0.469024,-0.651756,1.273485,0.149413,1.526774,0.043498,-0.007464,-1.106048,0.067229,0.190729,1.485254,0.080937,0.002418,0.110172,0.000000,0.000000,-0.793125,0.897229,0.146732,0.462198,0.000000,0.000000,0.000000,-0.251337,0.020932,0.246983,-0.579738,0.000000,0.000000,0.000000
-0.682685,1.145333,0.569940,0.031596,-0.055883,0.876589,-0.476939,-0.637496,1.229542,0.169580,1.511537,0.048541,-0.006768,-1.081193,0.065964,0.207198,1.451122,0.086208,0.002456,0.138871,0.000000,0.000000,-0.755686,0.880437,0.127001,0.416915,0.000000,0.000000,0.000000,-0.238790,-0.026895,0.204035,-0.548833,0.000000,0.000000,0.000000
-0.673436,1.144337,0.584402,0.029240,-0.052022,0.871178,-0.487327,-0.617338,1.166974,0.194325,1.488597,0.055114,-0.006007,-1.045258,0.058139,0.231672,1.406317,0.093006,0.002464,0.166698,0.000000,0.000000,-0.704652,0.854994,0.108084,0.361634,0.000000,0.000000,0.000000,-0.212126,-0.083242,0.169873,-0.519875,0.000000,0.000000,0.000000
-0.661407,1.142686,0.602266,0.027895,-0.048943,0.865195,-0.498262,-0.594143,1.093366,0.218066,1.455453,0.061273,-0.005378,-0.999448,0.047145,0.258920,1.350868,0.101183,0.002428,0.197599,0.000000,0.000000,-0.635346,0.820179,0.093010,0.300842,0.000000,0.000000,0.000000,-0.158048,-0.142053,0.149811,-0.481959,0.000000,0.000000,0.000000
-0.646615,1.139754,0.622373,0.026093,-0.047932,0.858981,-0.509091,-0.572069,1.013863,0.239379,1.412687,0.066105,-0.004851,-0.948291,0.036609,0.287113,1.283381,0.110519,0.002341,0.226560,0.000000,0.000000,-0.552352,0.778131,0.080076,0.240788,0.000000,0.000000,0.000000,-0.083569,-0.199894,0.133061,-0.437342,0.000000,0.000000,0.000000
-0.628767,1.135698,0.643467,0.022714,-0.047808,0.852815,-0.519524,-0.551679,0.928938,0.259868,1.362458,0.069852,-0.004395,-0.895301,0.024696,0.318558,1.205188,0.121304,0.002217,0.251406,0.000000,0.000000,-0.460215,0.734459,0.070899,0.190953,0.000000,0.000000,0.000000,-0.008064,-0.254929,0.114157,-0.382147,0.000000,0.000000,0.000000
-0.607849,1.131585,0.664425,0.019459,-0.046306,0.847315,-0.528711,-0.528945,0.838472,0.279376,1.306845,0.073107,-0.004005,-0.843814,0.008643,0.353750,1.123708,0.134560,0.002240,0.269341,0.000000,0.000000,-0.360288,0.685829,0.063687,0.157135,0.000000,0.000000,0.000000,0.057929,-0.299349,0.092117,-0.315002,0.000000,0.000000,0.000000
-0.584001,1.128050,0.684662,0.014751,-0.043113,0.842734,-0.536399,-0.505158,0.740722,0.299691,1.245474,0.076140,-0.003692,-0.802182,-0.012932,0.393157,1.043417,0.150903,0.002636,0.281189,0.000000,0.000000,-0.258128,0.633021,0.057392,0.138225,0.000000,0.000000,0.000000,0.110090,-0.332795,0.070121,-0.239028,0.000000,0.000000,0.000000
-0.557463,1.125592,0.704102,0.010848,-0.041400,0.838494,-0.543227,-0.484469,0.644568,0.314447,1.176821,0.078271,-0.003514,-0.770044,-0.031828,0.428992,0.965519,0.170307,0.003265,0.288395,0.000000,0.000000,-0.162546,0.580549,0.053059,0.132831,0.000000,0.000000,0.000000,0.150258,-0.352873,0.052898,-0.158148,0.000000,0.000000,0.000000
-0.532446,1.123958,0.720993,0.006918,-0.038075,0.835235,-0.548530,-0.462499,0.549668,0.322865,1.102309,0.080296,-0.003417,-0.742279,-0.048303,0.459426,0.894110,0.192117,0.003808,0.292244,0.000000,0.000000,-0.073355,0.525089,0.047210,0.137701,0.000000,0.000000,0.000000,0.183932,-0.363567,0.037547,-0.079909,0.000000,0.000000,0.000000
-0.510275,1.122811,0.735360,0.003835,-0.034366,0.832834,-0.552442,-0.438032,0.461532,0.322683,1.024622,0.082456,-0.003420,-0.716573,-0.061871,0.478307,0.831206,0.212977,0.003911,0.293131,0.000000,0.000000,0.012400,0.471643,0.043087,0.152103,0.000000,0.000000,0.000000,0.211707,-0.366390,0.023073,-0.008257,0.000000,0.000000,0.000000
-0.491293,1.121654,0.747283,0.002063,-0.030998,0.830395,-0.556308,-0.411866,0.383592,0.313919,0.947097,0.084818,-0.003523,-0.687711,-0.064667,0.480934,0.783249,0.229776,0.002987,0.290002,0.000000,0.000000,0.092552,0.423142,0.042209,0.172180,0.000000,0.000000,0.000000,0.232342,-0.356169,0.014942,0.056551,0.000000,0.000000,0.000000
-0.475627,1.120299,0.757490,0.002183,-0.029662,0.827681,-0.560411,-0.386321,0.319518,0.296839,0.871871,0.087362,-0.003711,-0.655747,-0.051528,0.469052,0.751747,0.243443,0.001640,0.280935,0.000000,0.000000,0.162767,0.380237,0.045956,0.193060,0.000000,0.000000,0.000000,0.243689,-0.338481,0.009400,0.112444,0.000000,0.000000,0.000000
-0.462927,1.118724,0.766088,0.002671,-0.029627,0.824867,-0.564544,-0.362374,0.266476,0.275319,0.800289,0.090469,-0.003966,-0.627457,-0.030788,0.449805,0.734974,0.254639,0.000555,0.269458,0.000000,0.000000,0.221877,0.341891,0.050635,0.215858,0.000000,0.000000,0.000000,0.249924,-0.316630,0.006266,0.162414,0.000000,0.000000,0.000000
-0.452002,1.117070,0.772948,0.003036,-0.029346,0.821907,-0.568858,-0.338260,0.221429,0.253777,0.734044,0.094379,-0.004270,-0.603094,-0.008932,0.426656,0.729916,0.263693,-0.000131,0.258424,0.000000,0.000000,0.269326,0.305777,0.056817,0.240986,0.000000,0.000000,0.000000,0.258334,-0.291157,0.003919,0.207736,0.000000,0.000000,0.000000
-0.443193,1.115729,0.778481,0.002435,-0.029606,0.818741,-0.573394,-0.316588,0.184146,0.233467,0.672134,0.098830,-0.004609,-0.582128,0.016006,0.399683,0.730326,0.270403,-0.000518,0.247736,0.000000,0.000000,0.305999,0.269285,0.065359,0.268704,0.000000,0.000000,0.000000,0.265983,-0.265849,0.000400,0.247378,0.000000,0.000000,0.000000
-0.436482,1.114845,0.783071,0.002211,-0.030888,0.815799,-0.577506,-0.297442,0.155817,0.213215,0.615540,0.103593,-0.004958,-0.563485,0.045468,0.369707,0.731966,0.275298,-0.000642,0.236275,0.000000,0.000000,0.332664,0.236239,0.075464,0.296890,0.000000,0.000000,0.000000,0.273294,-0.242523,-0.003803,0.282541,0.000000,0.000000,0.000000
-0.430427,1.113826,0.786660,0.002885,-0.031807,0.813193,-0.581117,-0.278565,0.132947,0.194479,0.566276,0.108675,-0.005285,-0.544708,0.072442,0.340373,0.731819,0.278860,-0.000626,0.225733,0.000000,0.000000,0.353741,0.211401,0.087207,0.324941,0.000000,0.000000,0.000000,0.281756,-0.221327,-0.008734,0.313250,0.000000,0.000000,0.000000
-0.424676,1.112720,0.789357,0.003453,-0.032788,0.810517,-0.584787,-0.261742,0.114309,0.178102,0.523405,0.113712,-0.005582,-0.525181,0.096452,0.312638,0.727001,0.280591,-0.000597,0.216804,0.000000,0.000000,0.368991,0.191539,0.099205,0.351697,0.000000,0.000000,0.000000,0.290672,-0.203473,-0.014598,0.340745,0.000000,0.000000,0.000000
-0.420189,1.111742,0.791216,0.003874,-0.033255,0.807574,-0.588815,-0.247405,0.098334,0.163913,0.486898,0.118616,-0.005853,-0.502465,0.119140,0.287567,0.717148,0.280337,-0.000672,0.209316,0.000000,0.000000,0.379693,0.176781,0.111816,0.376808,0.000000,0.000000,0.000000,0.300002,-0.188122,-0.021169,0.365289,0.000000,0.000000,0.000000
-0.416876,1.110905,0.792717,0.004897,-0.033929,0.804709,-0.592679,-0.235030,0.086622,0.150635,0.456436,0.123318,-0.006096,-0.477071,0.142414,0.264437,0.700145,0.278440,-0.000853,0.202432,0.000000,0.000000,0.386606,0.167455,0.124399,0.399613,0.000000,0.000000,0.000000,0.310123,-0.172678,-0.026882,0.386833,0.000000,0.000000,0.000000
-0.414998,1.110093,0.793870,0.005795,-0.034046,0.802002,-0.596322,-0.223552,0.077138,0.138731,0.430943,0.127936,-0.006318,-0.449943,0.162520,0.245036,0.677806,0.274916,-0.001107,0.194949,0.000000,0.000000,0.391054,0.160841,0.135920,0.419867,0.000000,0.000000,0.000000,0.320827,-0.158528,-0.032397,0.406036,0.000000,0.000000,0.000000
-0.413987,1.109195,0.794844,0.007000,-0.034099,0.799168,-0.600099,-0.212802,0.070158,0.128086,0.409539,0.132356,-0.006509,-0.420902,0.180296,0.227746,0.651103,0.270170,-0.001407,0.187626,0.000000,0.000000,0.393272,0.155492,0.145874,0.437460,0.000000,0.000000,0.000000,0.330700,-0.145353,-0.037402,0.422625,0.000000,0.000000,0.000000
-0.413468,1.108276,0.795686,0.008604,-0.033981,0.796069,-0.604190,-0.202350,0.065181,0.118729,0.391499,0.136499,-0.006673,-0.391677,0.198679,0.211428,0.623894,0.264685,-0.001740,0.179320,0.000000,0.000000,0.393694,0.151892,0.154573,0.452461,0.000000,0.000000,0.000000,0.340338,-0.131002,-0.039950,0.437295,0.000000,0.000000,0.000000
-0.413823,1.107411,0.796355,0.009770,-0.033620,0.792765,-0.608521,-0.192877,0.061217,0.110773,0.375452,0.140366,-0.006821,-0.360794,0.218601,0.196574,0.597060,0.257919,-0.002175,0.169714,0.000000,0.000000,0.392751,0.148904,0.161615,0.465191,0.000000,0.000000,0.000000,0.347939,-0.117699,-0.041437,0.449952,0.000000,0.000000,0.000000
-0.414703,1.106684,0.796850,0.010799,-0.033039,0.789389,-0.612909,-0.184382,0.058165,0.104110,0.361375,0.143904,-0.006943,-0.329947,0.238119,0.184574,0.569309,0.249903,-0.002623,0.158225,0.000000,0.000000,0.391330,0.144657,0.166562,0.476325,0.000000,0.000000,0.000000,0.354002,-0.106004,-0.042580,0.461060,0.000000,0.000000,0.000000
-0.416292,1.105871,0.797163,0.011672,-0.031932,0.786209,-0.617025,-0.175991,0.055337,0.098759,0.349224,0.147094,-0.007036,-0.299819,0.251891,0.176995,0.541071,0.241251,-0.002984,0.144886,0.000000,0.000000,0.391088,0.138779,0.169473,0.486769,0.000000,0.000000,0.000000,0.359569,-0.095955,-0.043228,0.471064,0.000000,0.000000,0.000000
-0.418605,1.104624,0.797287,0.012226,-0.030165,0.783382,-0.620688,-0.166636,0.052272,0.094798,0.338515,0.149866,-0.007096,-0.272425,0.253462,0.174058,0.510767,0.232320,-0.003167,0.131399,0.000000,0.000000,0.391833,0.129447,0.169213,0.497190,0.000000,0.000000,0.000000,0.364223,-0.088225,-0.044132,0.479802,0.000000,0.000000,0.000000
-0.420496,1.103314,0.797467,0.013414,-0.029281,0.780518,-0.624303,-0.158366,0.051950,0.091194,0.329723,0.151871,-0.007116,-0.247482,0.249760,0.171991,0.479938,0.223610,-0.003235,0.117865,0.000000,0.000000,0.392678,0.120500,0.168029,0.507313,0.000000,0.000000,0.000000,0.367250,-0.079457,-0.043928,0.487670,0.000000,0.000000,0.000000
-0.421862,1.102368,0.797713,0.014889,-0.028120,0.777587,-0.627970,-0.151190,0.051822,0.088374,0.323511,0.153271,-0.007132,-0.221994,0.244832,0.168974,0.448998,0.215320,-0.003318,0.107699,0.000000,0.000000,0.393007,0.112389,0.166742,0.517031,0.000000,0.000000,0.000000,0.370763,-0.068861,-0.042040,0.495620,0.000000,0.000000,0.000000
-0.423002,1.101043,0.797973,0.015701,-0.026429,0.775040,-0.631164,-0.144651,0.048740,0.086820,0.319035,0.154106,-0.007105,-0.197224,0.237640,0.165270,0.418675,0.207454,-0.003412,0.100610,0.000000,0.000000,0.392340,0.101281,0.164697,0.526339,0.000000,0.000000,0.000000,0.375297,-0.059935,-0.040228,0.504030,0.000000,0.000000,0.000000
-0.424087,1.099107,0.797699,0.016332,-0.023988,0.772998,-0.633745,-0.138089,0.040499,0.086301,0.316628,0.154320,-0.006974,-0.172102,0.229017,0.160530,0.389842,0.199721,-0.003552,0.094889,0.000000,0.000000,0.393313,0.087564,0.162365,0.535642,0.000000,0.000000,0.000000,0.381124,-0.053873,-0.039666,0.512003,0.000000,0.000000,0.000000
-0.425213,1.097163,0.797132,0.017082,-0.021103,0.771181,-0.636037,-0.132059,0.032831,0.085129,0.316468,0.154073,-0.006802,-0.148034,0.219882,0.154501,0.363396,0.191913,-0.003715,0.089755,0.000000,0.000000,0.397299,0.074476,0.160374,0.545122,0.000000,0.000000,0.000000,0.387168,-0.050539,-0.040411,0.518670,0.000000,0.000000,0.000000
-0.426058,1.095624,0.796377,0.017455,-0.017986,0.769375,-0.638306,-0.126806,0.026955,0.083667,0.317809,0.153560,-0.006631,-0.127311,0.210434,0.147675,0.340146,0.183975,-0.003898,0.084429,0.000000,0.000000,0.401724,0.062679,0.158578,0.554171,0.000000,0.000000,0.000000,0.392897,-0.049654,-0.041999,0.524089,0.000000,0.000000,0.000000
-0.426254,1.094458,0.795581,0.017123,-0.015316,0.767491,-0.640648,-0.122860,0.021456,0.082639,0.318746,0.152876,-0.006477,-0.111700,0.200802,0.140523,0.320232,0.176067,-0.004060,0.078556,0.000000,0.000000,0.404216,0.051026,0.156354,0.561975,0.000000,0.000000,0.000000,0.396549,-0.050864,-0.044073,0.528228,0.000000,0.000000,0.000000
-0.425739,1.093443,0.794813,0.016783,-0.012773,0.765547,-0.643034,-0.118025,0.015961,0.082079,0.318459,0.152356,-0.006349,-0.098781,0.190836,0.133293,0.303949,0.168659,-0.004178,0.071763,0.000000,0.000000,0.406641,0.041640,0.154466,0.568643,0.000000,0.000000,0.000000,0.398621,-0.052141,-0.045954,0.531318,0.000000,0.000000,0.000000
-0.425062,1.092467,0.794201,0.016738,-0.010484,0.763568,-0.645425,-0.113503,0.010288,0.081627,0.317311,0.152052,-0.006245,-0.087679,0.182267,0.125653,0.290959,0.161938,-0.004263,0.064763,0.000000,0.000000,0.409052,0.035624,0.153414,0.573840,0.000000,0.000000,0.000000,0.399621,-0.052819,-0.047589,0.533679,0.000000,0.000000,0.000000
-0.424662,1.091723,0.793699,0.016791,-0.008527,0.761547,-0.647836,-0.110321,0.005044,0.080907,0.316123,0.151905,-0.006150,-0.078138,0.174985,0.117682,0.280232,0.155796,-0.004340,0.058575,0.000000,0.000000,0.410425,0.032506,0.153122,0.577406,0.000000,0.000000,0.000000,0.399491,-0.053406,-0.049047,0.535154,0.000000,0.000000,0.000000
-0.424462,1.091174,0.793297,0.016930,-0.007025,0.759495,-0.650255,-0.108594,0.000673,0.079751,0.315600,0.151838,-0.006057,-0.069963,0.168800,0.109561,0.271057,0.150137,-0.004414,0.053633,0.000000,0.000000,0.410328,0.031365,0.153292,0.579751,0.000000,0.000000,0.000000,0.397413,-0.054105,-0.050334,0.535650,0.000000,0.000000,0.000000
-0.424388,1.090733,0.792984,0.017095,-0.005852,0.757403,-0.652697,-0.107579,-0.002674,0.078196,0.315817,0.151809,-0.005960,-0.062787,0.163614,0.101453,0.262896,0.144952,-0.004484,0.049435,0.000000,0.000000,0.408035,0.031435,0.153732,0.580783,0.000000,0.000000,0.000000,0.395389,-0.055082,-0.051726,0.536147,0.000000,0.000000,0.000000
-0.424378,1.090318,0.792729,0.017310,-0.004840,0.755275,-0.655161,-0.106936,-0.005394,0.076396,0.316651,0.151806,-0.005865,-0.056305,0.159235,0.093507,0.255699,0.140237,-0.004549,0.045885,0.000000,0.000000,0.404900,0.032541,0.154645,0.581216,0.000000,0.000000,0.000000,0.393769,-0.055809,-0.053081,0.536682,0.000000,0.000000,0.000000
-0.424405,1.089878,0.792534,0.017610,-0.003954,0.753161,-0.657589,-0.106395,-0.007664,0.074394,0.317880,0.151822,-0.005770,-0.050353,0.155429,0.085821,0.249440,0.135986,-0.004607,0.042676,0.000000,0.000000,0.401149,0.033659,0.155609,0.581456,0.000000,0.000000,0.000000,0.391697,-0.055586,-0.054063,0.537060,0.000000,0.000000,0.000000
-0.424426,1.089425,0.792384,0.017950,-0.003182,0.751118,-0.659917,-0.105859,-0.009569,0.072248,0.319265,0.151846,-0.005677,-0.044961,0.152198,0.078446,0.244004,0.132200,-0.004659,0.039398,0.000000,0.000000,0.397392,0.034495,0.156469,0.581738,0.000000,0.000000,0.000000,0.389624,-0.055013,-0.054860,0.537457,0.000000,0.000000,0.000000
-0.424447,1.088921,0.792260,0.018312,-0.002453,0.749186,-0.662102,-0.105222,-0.011253,0.070019,0.320750,0.151871,-0.005584,-0.039989,0.149446,0.071445,0.239352,0.128854,-0.004708,0.035779,0.000000,0.000000,0.394180,0.034969,0.157063,0.582129,0.000000,0.000000,0.000000,0.388104,-0.054765,-0.055636,0.537737,0.000000,0.000000,0.000000
-0.424403,1.088354,0.792146,0.018654,-0.001793,0.747390,-0.664121,-0.104514,-0.012852,0.067791,0.322231,0.151880,-0.005491,-0.035526,0.146954,0.064899,0.235457,0.125883,-0.004755,0.031678,0.000000,0.000000,0.391656,0.034897,0.157384,0.582670,0.000000,0.000000,0.000000,0.386785,-0.054415,-0.056320,0.537894,0.000000,0.000000,0.000000
-0.424267,1.087876,0.792004,0.019022,-0.001000,0.745707,-0.666002,-0.103608,-0.014679,0.065713,0.323753,0.151889,-0.005400,-0.031204,0.144246,0.058903,0.232256,0.123204,-0.004803,0.027262,0.000000,0.000000,0.389915,0.033887,0.157206,0.583416,0.000000,0.000000,0.000000,0.385433,-0.053948,-0.056984,0.538000,0.000000,0.000000,0.000000
-0.424071,1.087386,0.791863,0.019374,-0.000315,0.744099,-0.667789,-0.102883,-0.016521,0.063685,0.325226,0.151883,-0.005312,-0.027113,0.141709,0.053333,0.229346,0.120754,-0.004848,0.022942,0.000000,0.000000,0.388604,0.031911,0.156440,0.584293,0.000000,0.000000,0.000000,0.384604,-0.053228,-0.057473,0.538422,0.000000,0.000000,0.000000
-0.423818,1.086875,0.791734,0.019675,0.000181,0.742564,-0.669486,-0.102452,-0.018236,0.061651,0.326574,0.151869,-0.005228,-0.023414,0.139438,0.048099,0.226482,0.118574,-0.004889,0.018937,0.000000,0.000000,0.387008,0.029587,0.155320,0.584944,0.000000,0.000000,0.000000,0.384161,-0.051905,-0.057652,0.539155,0.000000,0.000000,0.000000
-0.423557,1.086367,0.791624,0.019937,0.000597,0.741123,-0.671073,-0.102084,-0.019875,0.059618,0.327764,0.151870,-0.005148,-0.020331,0.137403,0.043161,0.223981,0.116746,-0.004928,0.015063,0.000000,0.000000,0.385361,0.027358,0.154046,0.585412,0.000000,0.000000,0.000000,0.383667,-0.050446,-0.057695,0.539957,0.000000,0.000000,0.000000
-0.423201,1.085903,0.791549,0.020278,0.000969,0.739776,-0.672546,-0.101504,-0.021357,0.057591,0.328784,0.151897,-0.005072,-0.017816,0.135762,0.038522,0.222187,0.115220,-0.004960,0.011094,0.000000,0.000000,0.383880,0.025776,0.152948,0.585827,0.000000,0.000000,0.000000,0.382960,-0.048855,-0.057716,0.540749,0.000000,0.000000,0.000000
-0.422839,1.085447,0.791512,0.020706,0.001403,0.738541,-0.673889,-0.100452,-0.022647,0.055568,0.329670,0.151965,-0.004999,-0.015617,0.134502,0.034248,0.221289,0.113918,-0.004982,0.006977,0.000000,0.000000,0.382823,0.024998,0.152255,0.586293,0.000000,0.000000,0.000000,0.382206,-0.047286,-0.057796,0.541523,0.000000,0.000000,0.000000
-0.422515,1.084931,0.791512,0.021118,0.001727,0.737414,-0.675109,-0.099313,-0.023720,0.053548,0.330286,0.152055,-0.004929,-0.013736,0.133542,0.030371,0.220961,0.112799,-0.004998,0.002726,0.000000,0.000000,0.381960,0.024832,0.151899,0.586729,0.000000,0.000000,0.000000,0.381077,-0.046094,-0.057948,0.542112,0.000000,0.000000,0.000000
-0.422248,1.084349,0.791540,0.021534,0.001944,0.736349,-0.676257,-0.098184,-0.024555,0.051528,0.330740,0.152160,-0.004862,-0.012205,0.132963,0.026859,0.221123,0.111854,-0.005007,-0.001474,0.000000,0.000000,0.380844,0.025005,0.151700,0.586947,0.000000,0.000000,0.000000,0.379673,-0.045264,-0.058110,0.542542,0.000000,0.000000,0.000000
-0.422045,1.083757,0.791564,0.021917,0.002152,0.735277,-0.677409,-0.097175,-0.025395,0.049580,0.331180,0.152284,-0.004800,-0.011045,0.132578,0.023747,0.221836,0.111053,-0.005014,-0.005417,0.000000,0.000000,0.379119,0.025152,0.151445,0.586780,0.000000,0.000000,0.000000,0.378284,-0.044958,-0.058300,0.542865,0.000000,0.000000,0.000000
-0.421926,1.083247,0.791566,0.022123,0.002353,0.734171,-0.678600,-0.096710,-0.026342,0.047732,0.331751,0.152424,-0.004742,-0.010754,0.132124,0.021080,0.223302,0.110342,-0.005019,-0.008831,0.000000,0.000000,0.376646,0.025171,0.150972,0.586062,0.000000,0.000000,0.000000,0.377053,-0.045300,-0.058607,0.543119,0.000000,0.000000,0.000000
-0.421919,1.082933,0.791586,0.022119,0.002296,0.733113,-0.679743,-0.097214,-0.026957,0.045860,0.332369,0.152567,-0.004691,-0.011816,0.131595,0.018776,0.225531,0.109704,-0.005023,-0.011847,0.000000,0.000000,0.373627,0.025423,0.150416,0.585099,0.000000,0.000000,0.000000,0.375954,-0.047336,-0.059570,0.543553,0.000000,0.000000,0.000000
-0.422446,1.082835,0.791705,0.021907,0.001679,0.732369,-0.680553,-0.098982,-0.026195,0.043626,0.333007,0.152677,-0.004646,-0.014936,0.131666,0.016555,0.228751,0.109166,-0.005021,-0.015284,0.000000,0.000000,0.369815,0.026849,0.150782,0.584229,0.000000,0.000000,0.000000,0.374157,-0.053884,-0.063033,0.544030,0.000000,0.000000,0.000000
-0.422446,1.082835,0.791705,-0.021907,-0.001679,-0.732369,0.680553,-0.099016,-0.025322,0.042172,0.331907,0.140921,-0.004491,-0.017772,0.127278,0.016003,0.231126,0.098861,-0.004854,-0.014774,0.000000,0.000000,0.364155,0.032621,0.145756,0.594755,0.000000,0.000000,0.000000,0.368352,-0.058754,-0.060932,0.555895,0.000000,0.000000,0.000000
-0.422446,1.082835,0.791991,-0.021151,-0.001622,-0.732375,0.680571,-0.099050,-0.024448,0.040718,0.330807,0.129165,-0.004336,-0.020607,0.122889,0.015452,0.233501,0.088555,-0.004686,-0.014265,0.000000,0.000000,0.358494,0.038392,0.140730,0.605280,0.000000,0.000000,0.000000,0.362547,-0.063625,-0.058831,0.567761,0.000000,0.000000,0.000000
-0.422446,1.082835,0.792277,-0.020396,-0.001564,-0.732381,0.680587,-0.099083,-0.023575,0.039264,0.329706,0.117410,-0.004181,-0.023442,0.118500,0.014900,0.235876,0.078250,-0.004519,-0.013755,0.000000,0.000000,0.352834,0.044164,0.135704,0.615806,0.000000,0.000000,0.000000,0.356742,-0.068495,-0.056730,0.579627,0.000000,0.000000,0.000000
-0.422446,1.082835,0.792563,-0.019641,-0.001506,-0.732387,0.680604,-0.099117,-0.022702,0.037809,0.328606,0.105654,-0.004026,-0.026278,0.114111,0.014348,0.238251,0.067944,-0.004352,-0.013246,0.000000,0.000000,0.347173,0.049936,0.130678,0.626332,0.000000,0.000000,0.000000,0.350936,-0.073366,-0.054629,0.591492,0.000000,0.000000,0.000000
-0.422446,1.082835,0.792849,-0.018885,-0.001448,-0.732392,0.680619,-0.099151,-0.021829,0.036355,0.327506,0.093898,-0.003872,-0.029113,0.109722,0.013796,0.240626,0.057639,-0.004184,-0.012736,0.000000,0.000000,0.341513,0.055708,0.125652,0.636858,0.000000,0.000000,0.000000,0.345131,-0.078237,-0.052528,0.603358,0.000000,0.000000,0.000000
-0.422446,1.082835,0.793135,-0.018130,-0.001390,-0.732397,0.680635,-0.099185,-0.020956,0.034901,0.326406,0.082142,-0.003717,-0.031949,0.105333,0.013244,0.243001,0.047333,-0.004017,-0.012227,0.000000,0.000000,0.335852,0.061479,0.120626,0.647383,0.000000,0.000000,0.000000,0.339326,-0.083107,-0.050427,0.615224,0.000000,0.000000,0.000000
-0.422446,1.082835,0.793421,-0.017375,-0.001332,-0.732401,0.680650,-0.099219,-0.020083,0.033447,0.325305,0.070386,-0.003562,-0.034784,0.100944,0.012692,0.245376,0.037028,-0.003849,-0.011718,0.000000,0.000000,0.330192,0.067251,0.115600,0.657909,0.000000,0.000000,0.000000,0.333521,-0.087978,-0.048326,0.627089,0.000000,0.000000,0.000000
-0.422446,1.082835,0.793707,-0.016619,-0.001274,-0.732405,0.680665,-0.099253,-0.019210,0.031993,0.324205,0.058630,-0.003407,-0.037620,0.096555,0.012141,0.247751,0.026722,-0.003682,-0.011208,0.000000,0.000000,0.324531,0.073023,0.110573,0.668435,0.000000,0.000000,0.000000,0.327715,-0.092848,-0.046224,0.638955,0.000000,0.000000,0.000000
-0.422446,1.082835,0.793993,-0.015864,-0.001216,-0.732409,0.680679,-0.099287,-0.018336,0.030538,0.323105,0.046874,-0.003252,-0.040455,0.092166,0.011589,0.250126,0.016416,-0.003515,-0.010699,0.000000,0.000000,0.318871,0.078794,0.105547,0.678960,0.000000,0.000000,0.000000,0.321910,-0.097719,-0.044123,0.650821,0.000000,0.000000,0.000000
-0.422446,1.082835,0.794279,-0.015109,-0.001158,-0.732412,0.680693,-0.099321,-0.017463,0.029084,0.322005,0.035118,-0.003097,-0.043291,0.087778,0.011037,0.252501,0.006111,-0.003347,-0.010189,0.000000,0.000000,0.313210,0.084566,0.100521,0.689486,0.000000,0.000000,0.000000,0.316105,-0.102589,-0.042022,0.662686,0.000000,0.000000,0.000000
-0.422446,1.082835,0.794565,-0.014353,-0.001100,-0.732415,0.680707,-0.099355,-0.016590,0.027630,0.320904,0.023362,-0.002942,-0.046126,0.083389,0.010485,0.254876,-0.004195,-0.003180,-0.009680,0.000000,0.000000,0.307550,0.090338,0.095495,0.700012,0.000000,0.000000,0.000000,0.310300,-0.107460,-0.039921,0.674552,0.000000,0.000000,0.000000
-0.422446,1.082835,0.794851,-0.013598,-0.001042,-0.732417,0.680720,-0.099389,-0.015717,0.026176,0.319804,0.011606,-0.002788,-0.048962,0.079000,0.009933,0.257251,-0.014500,-0.003013,-0.009170,0.000000,0.000000,0.301889,0.096109,0.090469,0.710537,0.000000,0.000000,0.000000,0.304494,-0.112330,-0.037820,0.686418,0.000000,0.000000,0.000000
-0.422446,1.082835,0.795137,-0.012843,-0.000985,-0.732419,0.680733,-0.099423,-0.014844,0.024722,0.318704,-0.000150,-0.002633,-0.051797,0.074611,0.009381,0.259625,-0.024806,-0.002845,-0.008661,0.000000,0.000000,0.296229,0.101881,0.085443,0.721063,0.000000,0.000000,0.000000,0.298689,-0.117201,-0.035719,0.698283,0.000000,0.000000,0.000000
-0.422446,1.082835,0.795423,-0.012087,-0.000927,-0.732420,0.680745,-0.099457,-0.013971,0.023267,0.317604,-0.011905,-0.002478,-0.054633,0.070222,0.008830,0.262000,-0.035111,-0.002678,-0.008151,0.000000,0.000000,0.290568,0.107653,0.080417,0.731589,0.000000,0.000000,0.000000,0.292884,-0.122071,-0.033618,0.710149,0.000000,0.000000,0.000000
-0.422446,1.082835,0.795709,-0.011332,-0.000869,-0.732421,0.680757,-0.099491,-0.013097,0.021813,0.316504,-0.023661,-0.002323,-0.057468,0.065833,0.008278,0.264375,-0.045417,-0.002510,-0.007642,0.000000,0.000000,0.284908,0.113425,0.075391,0.742114,0.000000,0.000000,0.000000,0.287079,-0.126942,-0.031517,0.722015,0.000000,0.000000,0.000000
-0.422446,1.082835,0.795995,-0.010576,-0.000811,-0.732422,0.680769,-0.099525,-0.012224,0.020359,0.315403,-0.035417,-0.002168,-0.060304,0.061444,0.007726,0.266750,-0.055722,-0.002343,-0.007132,0.000000,0.000000,0.279247,0.119196,0.070365,0.752640,0.000000,0.000000,0.000000,0.281273,-0.131812,-0.029416,0.733881,0.000000,0.000000,0.000000
-0.422446,1.082835,0.796281,-0.009821,-0.000753,-0.732422,0.680780,-0.099559,-0.011351,0.018905,0.314303,-0.047173,-0.002013,-0.063139,0.057055,0.007174,0.269125,-0.066028,-0.002176,-0.006623,0.000000,0.000000,0.273587,0.124968,0.065339,0.763166,0.000000,0.000000,0.000000,0.275468,-0.136683,-0.027314,0.745746,0.000000,0.000000,0.000000
-0.422446,1.082835,0.796567,-0.009065,-0.000695,-0.732422,0.680791,-0.099593,-0.010478,0.017450,0.313203,-0.058929,-0.001858,-0.065974,0.052667,0.006622,0.271500,-0.076333,-0.002008,-0.006113,0.000000,0.000000,0.267926,0.130740,0.060313,0.773692,0.000000,0.000000,0.000000,0.269663,-0.141554,-0.025213,0.757612,0.000000,0.000000,0.000000
-0.422446,1.082835,0.796854,-0.008310,-0.000637,-0.732421,0.680801,-0.099627,-0.009605,0.015996,0.312103,-0.070685,-0.001704,-0.068810,0.048278,0.006070,0.273875,-0.086639,-0.001841,-0.005604,0.000000,0.000000,0.262266,0.136511,0.055287,0.784217,0.000000,0.000000,0.000000,0.263858,-0.146424,-0.023112,0.769478,0.000000,0.000000,0.000000
-0.422446,1.082835,0.797140,-0.007555,-0.000579,-0.732420,0.680811,-0.099661,-0.008732,0.014542,0.311002,-0.082441,-0.001549,-0.071645,0.043889,0.005518,0.276250,-0.096945,-0.001674,-0.005095,0.000000,0.000000,0.256605,0.142283,0.050261,0.794743,0.000000,0.000000,0.000000,0.258052,-0.151295,-0.021011,0.781343,0.000000,0.000000,0.000000
-0.422446,1.082835,0.797426,-0.006799,-0.000521,-0.732418,0.680821,-0.099694,-0.007858,0.013088,0.309902,-0.094197,-0.001394,-0.074481,0.039500,0.004967,0.278625,-0.107250,-0.001506,-0.004585,0.000000,0.000000,0.250945,0.148055,0.045235,0.805269,0.000000,0.000000,0.000000,0.252247,-0.156165,-0.018910,0.793209,0.000000,0.000000,0.000000
-0.422446,1.082835,0.797712,-0.006044,-0.000463,-0.732416,0.680830,-0.099728,-0.006985,0.011634,0.308802,-0.105953,-0.001239,-0.077316,0.035111,0.004415,0.281000,-0.117556,-0.001339,-0.004076,0.000000,0.000000,0.245284,0.153826,0.040209,0.815794,0.000000,0.000000,0.000000,0.246442,-0.161036,-0.016809,0.805075,0.000000,0.000000,0.000000
-0.422446,1.082835,0.797998,-0.005288,-0.000405,-0.732414,0.680839,-0.099762,-0.006112,0.010179,0.307702,-0.117709,-0.001084,-0.080152,0.030722,0.003863,0.283375,-0.127861,-0.001172,-0.003566,0.000000,0.000000,0.239624,0.159598,0.035182,0.826320,0.000000,0.000000,0.000000,0.240637,-0.165906,-0.014708,0.816940,0.000000,0.000000,0.000000
-0.422446,1.082835,0.798284,-0.004533,-0.000347,-0.732411,0.680847,-0.099796,-0.005239,0.008725,0.306601,-0.129465,-0.000929,-0.082987,0.026333,0.003311,0.285750,-0.138167,-0.001004,-0.003057,0.000000,0.000000,0.233963,0.165370,0.030156,0.836846,0.000000,0.000000,0.000000,0.234831,-0.170777,-0.012607,0.828806,0.000000,0.000000,0.000000
-0.422446,1.082835,0.798570,-0.003777,-0.000290,-0.732408,0.680856,-0.099830,-0.004366,0.007271,0.305501,-0.141220,-0.000774,-0.085823,0.021944,0.002759,0.288125,-0.148472,-0.000837,-0.002547,0.000000,0.000000,0.228303,0.171142,0.025130,0.847372,0.000000,0.000000,0.000000,0.229026,-0.175647,-0.010506,0.840672,0.000000,0.000000,0.000000
-0.422446,1.082835,0.798856,-0.003022,-0.000232,-0.732404,0.680863,-0.099864,-0.003493,0.005817,0.304401,-0.152976,-0.000619,-0.088658,0.017556,0.002207,0.290500,-0.158778,-0.000669,-0.002038,0.000000,0.000000,0.222642,0.176913,0.020104,0.857897,0.000000,0.000000,0.000000,0.223221,-0.180518,-0.008404,0.852537,0.000000,0.000000,0.000000
-0.422446,1.082835,0.799142,-0.002266,-0.000174,-0.732400,0.680871,-0.099898,-0.002619,0.004363,0.303301,-0.164732,-0.000465,-0.091494,0.013167,0.001656,0.292875,-0.169083,-0.000502,-0.001528,0.000000,0.000000,0.216982,0.182685,0.015078,0.868423,0.000000,0.000000,0.000000,0.217416,-0.185388,-0.006303,0.864403,0.000000,0.000000,0.000000
-0.422446,1.082835,0.799428,-0.001511,-0.000116,-0.732396,0.680878,-0.099932,-0.001746,0.002908,0.302200,-0.176488,-0.000310,-0.094329,0.008778,0.001104,0.295250,-0.179389,-0.000335,-0.001019,0.000000,0.000000,0.211321,0.188457,0.010052,0.878949,0.000000,0.000000,0.000000,0.211610,-0.190259,-0.004202,0.876269,0.000000,0.000000,0.000000
-0.422446,1.082835,0.799714,-0.000755,-0.000058,-0.732391,0.680884,-0.099966,-0.000873,0.001454,0.301100,-0.188244,-0.000155,-0.097165,0.004389,0.000552,0.297625,-0.189694,-0.000167,-0.000509,0.000000,0.000000,0.205661,0.194228,0.005026,0.889474,0.000000,0.000000,0.000000,0.205805,-0.195129,-0.002101,0.888134,0.000000,0.000000,0.000000
-0.422446,1.082835,0.800000,0.000000,0.000000,-0.732386,0.680890,-0.100000,0.000000,0.000000,0.300000,-0.200000,0.000000,-0.100000,0.000000,0.000000,0.300000,-0.200000,0.000000,0.000000,0.000000,0.000000,0.200000,0.200000,0.000000,0.900000,0.000000,0.000000,0.000000,0.200000,-0.200000,0.000000,0.900000,0.000000,0.000000,0.000000
